Summary,Issue key,Issue id,Parent id,Issue Type,Status,Project key,Project name,Project type,Project lead,Project lead id,Project description,Project url,Priority,Resolution,Assignee,Assignee Id,Reporter,Reporter Id,Creator,Creator Id,Created,Updated,Last Viewed,Resolved,Components,Due date,Votes,Description,Environment,Watchers,Watchers,Watchers,Watchers Id,Watchers Id,Watchers Id,Original estimate,Remaining Estimate,Time Spent,Work Ratio,Σ Original Estimate,Σ Remaining Estimate,Σ Time Spent,Security Level,Inward issue link (Blocks),Outward issue link (Blocks),Custom field (Actual end),Custom field (Actual start),Custom field (Affected hardware),Custom field (Affected services),Custom field (Backout plan),Custom field (Budget),Custom field (Budget),Custom field (Category),Custom field (Change reason),Custom field (Change risk),Custom field (Change type),Custom field (Client),Custom field (Compass),Custom field (Department),Custom field (Development),Custom field (Employee location),Custom field (Employment type),Custom field (Epic Link),Epic Link Summary,Custom field (Event count),Custom field (Event date),Custom field (Event location),Custom field (Expense),Custom field (Group),Custom field (Impact),Custom field (Implementation plan),Custom field (Investigation reason),Custom field (Issue color),Custom field (Job title),Custom field (Last working day),Custom field (Locked forms),Custom field (Maintenance location),Custom field (Maintenance type),Custom field (Major incident),Custom field (Move count),Custom field (Move date),Custom field (Move from),Custom field (Move to),Custom field (Open forms),Custom field (Operational categorization),Custom field (Origem),Custom field (Party Name),Custom field (Pending reason),Custom field (Planned end),Custom field (Planned start),Custom field (Priority Index),Custom field (Product categorization),Custom field (Rank),Custom field (Reference),Custom field (Request Type),Custom field (Request language),Custom field (Request participants),Custom field (Resignation date),Custom field (Responders),Custom field (Root cause),Satisfaction rating,Custom field (Severity),Custom field (Source),Sprint,Custom field (Start date),Custom field (Story Points),Custom field (Story point estimate),Custom field (Submitted forms),Custom field (Target end),Custom field (Target start),Team Id,Team Name,Custom field (Tempo de primeiro atendimento),Custom field (Test plan),Custom field (Time to close after resolution),Custom field (Time to first response),Custom field (Time to resolution),Custom field (Time to review normal change),Custom field (Total forms),Custom field (Urgency),Custom field (Work category),Custom field (Workaround),Custom field ([CHART] Date of First Response),Comment,Comment,Comment,Comment,Parent,Parent summary,Status Category
"[HRADC] Elaborar procedimento para ""recuperação"" de placas HRADCs",ENT002001-507,22570,,Story,IN PROGRESS,ENT002001,ENT002.001 - MANUTENÇÃO E OPERAÇÃO DE SUBSISTEMAS DOS ACELERADORES DO SIRIUS,software,James Citadini,6250da2ea629c30068aa63af,"ESCOPO:
Manutenções e Operação dos subsistemas  do Sirius",,Medium,,Gabriel Brunheira,70121:016a6576-395b-4462-b1e7-fb210bae9d77,Patricia Henriques Nallin,62b0acb8f38b4dcf73d839ec,Patricia Henriques Nallin,62b0acb8f38b4dcf73d839ec,12/Jan/23 1:43 PM,15/Feb/23 8:31 AM,16/Feb/23 2:08 PM,,,,0,"[HRADC] Elaborar procedimento para ""recuperação"" de placas HRADCs.

Inicialização e gravação de parâmetros

[~accountid:62bb04b09e6ba34c9935f3f1] ",,Patricia Henriques Nallin,,,62b0acb8f38b4dcf73d839ec,,,,,,,,,,,,,,,,,,,,,,,,,,,,,,ENT002001-5,Grupo SEI,,,,,,,,,,,,,,,,,,,,,,,,,,,,,0|i01vx6:,,,,,,,,,,,,,8.0,,,17/Feb/23 12:00 AM,30/Jan/23 12:00 AM,9,SEI,,,,,,,,,,,,,,,,,,In Progress
[FBP] Testar e validar uso de 100 kHz para uso com a correção de campo dos septa do anel,ENT002001-527,24088,,Story,Selected for Development,ENT002001,ENT002.001 - MANUTENÇÃO E OPERAÇÃO DE SUBSISTEMAS DOS ACELERADORES DO SIRIUS,software,James Citadini,6250da2ea629c30068aa63af,"ESCOPO:
Manutenções e Operação dos subsistemas  do Sirius",,Medium,,Gabriel Brunheira,70121:016a6576-395b-4462-b1e7-fb210bae9d77,Patricia Henriques Nallin,62b0acb8f38b4dcf73d839ec,Patricia Henriques Nallin,62b0acb8f38b4dcf73d839ec,30/Jan/23 10:32 AM,30/Jan/23 2:40 PM,30/Jan/23 2:40 PM,,,,0,"[FBP] Testar e validar uso de 100 kHz para uso com a correção de campo dos septa do anel

[~accountid:62bb04b09e6ba34c9935f3f1] ",,Patricia Henriques Nallin,,,62b0acb8f38b4dcf73d839ec,,,,,,,,,,,,,,,,,,,,,,,,,,,,,,ENT002001-5,Grupo SEI,,,,,,,,,,,,,,,,,,,,,,,,,,,,,0|i0226i:,,,,,,,,,,,,,13.0,,,17/Feb/23 12:00 AM,30/Jan/23 12:00 AM,9,SEI,,,,,,,,,,,,,,,,,,To Do
Planejamento - Sprint 02/2023,ENT002002-582,22475,,Story,DONE,ENT002002,ENT002.002 - MANUTENÇÃO E OPERAÇÃO DOS GRUPOS ENT,software,James Citadini,6250da2ea629c30068aa63af,"ESCOPO:
Manutenções e Operação dos subsistemas  do Sirius.",,Medium,Done,Patricia Henriques Nallin,62b0acb8f38b4dcf73d839ec,Patricia Henriques Nallin,62b0acb8f38b4dcf73d839ec,Patricia Henriques Nallin,62b0acb8f38b4dcf73d839ec,10/Jan/23 2:51 PM,30/Jan/23 4:23 PM,30/Jan/23 4:23 PM,30/Jan/23 4:23 PM,,,0,Planejamento - Sprint 02/2023,,Patricia Henriques Nallin,,,62b0acb8f38b4dcf73d839ec,,,,,,,,,,,,,,,,,,,,,,,,,,,,,,ENT002002-20,Grupo SEI,,,,,,,,,,,,,,,,,,,,,,,,,,,,,0|i01vci:,,,,,,,,,,,,,5.0,,,30/Jan/23 12:00 AM,,9,SEI,,,,,,,,,,,,,,,,,,Done
[Organização] Organização geral da sala - Sprint 02/2023,ENT002002-611,24239,,Story,DONE,ENT002002,ENT002.002 - MANUTENÇÃO E OPERAÇÃO DOS GRUPOS ENT,software,James Citadini,6250da2ea629c30068aa63af,"ESCOPO:
Manutenções e Operação dos subsistemas  do Sirius.",,Medium,Done,Patricia Henriques Nallin,62b0acb8f38b4dcf73d839ec,Patricia Henriques Nallin,62b0acb8f38b4dcf73d839ec,Patricia Henriques Nallin,62b0acb8f38b4dcf73d839ec,30/Jan/23 2:30 PM,16/Feb/23 12:38 PM,16/Feb/23 12:38 PM,16/Feb/23 12:38 PM,Manutenção dos Grupos,,0,"Organização geral da sala, foco a definir



Sugestões:

* Armários de componentes (organizar e listar material)





[~accountid:62bb024e018dea0d4073dbdd] ",,Patricia Henriques Nallin,,,62b0acb8f38b4dcf73d839ec,,,,,,,,,,,,,,,,,,,,,,,,,,,,,,ENT002002-20,Grupo SEI,,,,,,,,,,,,,,,,,,,,,,,,,,,,,0|i022ru:,,,,,,,,,,,,,13.0,,,14/Feb/23 12:00 AM,14/Feb/23 12:00 AM,9,SEI,,,,,,,,,,,,,,,,,,Done
[DRS] Preparar hardware das placas HRADC-FAX,ENT003001-70,24196,,Story,DONE,ENT003001,ENT003.001 - INFRAESTRUTURA TÉCNICAS GRUPOS ENT,software,James Citadini,6250da2ea629c30068aa63af,"Infraestruturas técnicas pontuais que não são projetos: Computadores,  Válvulas, Spare Parts de equipamentos, Máquinas etc.",,Medium,Done,Marcelo Guimarães Martins,62bb04b09e6ba34c9935f3f1,Patricia Henriques Nallin,62b0acb8f38b4dcf73d839ec,Patricia Henriques Nallin,62b0acb8f38b4dcf73d839ec,30/Jan/23 1:22 PM,02/Feb/23 3:30 PM,16/Feb/23 2:08 PM,02/Feb/23 3:30 PM,,,0,"[DRS] Preparar hardware das placas HRADC-FAX

[~accountid:70121:016a6576-395b-4462-b1e7-fb210bae9d77] ",,Patricia Henriques Nallin,,,62b0acb8f38b4dcf73d839ec,,,,,,,,,,,,,,,,,,,,,,,,,,,,,,ENT003001-5,Grupo SEI,,,,,,,,,,,,,,,,,,,,,,,,,,,,,0|i022mq:,,,,,,,,,,,,,8.0,,,17/Feb/23 12:00 AM,30/Jan/23 12:00 AM,9,SEI,,,,,,,,,,,,,,,,,,Done
[DRS] Preparar 5 cabos serial 20 cm para estoque-emergência do Sirius,ENT003001-71,24197,,Story,DONE,ENT003001,ENT003.001 - INFRAESTRUTURA TÉCNICAS GRUPOS ENT,software,James Citadini,6250da2ea629c30068aa63af,"Infraestruturas técnicas pontuais que não são projetos: Computadores,  Válvulas, Spare Parts de equipamentos, Máquinas etc.",,Medium,Done,Marcelo Guimarães Martins,62bb04b09e6ba34c9935f3f1,Patricia Henriques Nallin,62b0acb8f38b4dcf73d839ec,Patricia Henriques Nallin,62b0acb8f38b4dcf73d839ec,30/Jan/23 1:23 PM,31/Jan/23 7:48 AM,16/Feb/23 2:08 PM,31/Jan/23 7:48 AM,,,0,[DRS] Preparar 5 cabos serial 20 cm para estoque-emergência do Sirius,,Patricia Henriques Nallin,,,62b0acb8f38b4dcf73d839ec,,,,,,,,,,,,,,,,,,,,,,,,,,,,,,ENT003001-5,Grupo SEI,,,,,,,,,,,,,,,,,,,,,,,,,,,,,0|i022my:,,,,,,,,,,,,,5.0,,,17/Feb/23 12:00 AM,30/Jan/23 12:00 AM,9,SEI,,,,,,,,,,,,,,,,,,Done
[DRS] Preparar 1 placa HRADC-FBP para estoque-emergência,ENT003001-72,24198,,Story,DONE,ENT003001,ENT003.001 - INFRAESTRUTURA TÉCNICAS GRUPOS ENT,software,James Citadini,6250da2ea629c30068aa63af,"Infraestruturas técnicas pontuais que não são projetos: Computadores,  Válvulas, Spare Parts de equipamentos, Máquinas etc.",,Medium,Done,Marcelo Guimarães Martins,62bb04b09e6ba34c9935f3f1,Patricia Henriques Nallin,62b0acb8f38b4dcf73d839ec,Patricia Henriques Nallin,62b0acb8f38b4dcf73d839ec,30/Jan/23 1:24 PM,03/Feb/23 8:43 AM,30/Jan/23 2:18 PM,03/Feb/23 8:34 AM,,,0,"[DRS] Preparar 1 placa HRADC-FBP para estoque-emergência

[~accountid:70121:016a6576-395b-4462-b1e7-fb210bae9d77] ",,Marcelo Guimarães Martins,Patricia Henriques Nallin,,62bb04b09e6ba34c9935f3f1,62b0acb8f38b4dcf73d839ec,,,,,,,,,,,,,,,,,,,,,,,,,,,,,ENT003001-5,Grupo SEI,,,,,,,,,,,,,,,,,,,,,,,,,,,,,0|i022n6:,,,,,,,,,,,,,5.0,,,17/Feb/23 12:00 AM,30/Jan/23 12:00 AM,9,SEI,,,,,,,,,,,2023-02-03 11:43:33.982,"03/Feb/23 8:43 AM;62bb04b09e6ba34c9935f3f1;As 2 HRADC’s-FBP disponíveis para verificação (que não estavam na giga de testes) eram provenientes de manutenções nas quais estas foram extraídas por apresentarem defeito ou serem suspeitas. Decidiu-se, por questão de confiabilidade, manter no estoque emergência apenas as 3 placas novas que estavam lacradas e que ora passaram por atualização de firmware.
Essa tarefa foi dada como concluída apenas com as verificações de viabilidade, sem o efetivo provimento da PCB.",,,,,,Done
[LPKF] Acompanhar visita de representante da LPKF,ENT003001-69,24195,,Story,DONE,ENT003001,ENT003.001 - INFRAESTRUTURA TÉCNICAS GRUPOS ENT,software,James Citadini,6250da2ea629c30068aa63af,"Infraestruturas técnicas pontuais que não são projetos: Computadores,  Válvulas, Spare Parts de equipamentos, Máquinas etc.",,Medium,Done,Patricia Henriques Nallin,62b0acb8f38b4dcf73d839ec,Patricia Henriques Nallin,62b0acb8f38b4dcf73d839ec,Patricia Henriques Nallin,62b0acb8f38b4dcf73d839ec,30/Jan/23 1:14 PM,13/Feb/23 5:20 PM,30/Jan/23 1:14 PM,13/Feb/23 5:20 PM,,,0,"[LPKF] Acompanhar visita de representante da LPKF

[~accountid:70121:016a6576-395b-4462-b1e7-fb210bae9d77] [~accountid:62bb04b09e6ba34c9935f3f1] [~accountid:62bb024e018dea0d4073dbdd] ",,Patricia Henriques Nallin,,,62b0acb8f38b4dcf73d839ec,,,,,,,,,,,,,,,,,,,,,,,,,,,,,,ENT003001-5,Grupo SEI,,,,,,,,,,,,,,,,,,,,,,,,,,,,,0|i022mi:,,,,,,,,,,,,,8.0,,,13/Feb/23 12:00 AM,13/Feb/23 12:00 AM,9,SEI,,,,,,,,,,,,,,,,,,Done
uSIMAR: Compra de componentes para uSIMAR,ENT004003-83,23801,,Story,IN PROGRESS,ENT004003,ENT004.003 - SIMAR – SISTEMA DE MONITORAÇÃO E ATUAÇÃO EM RACKS,software,Sergio Rodrigo Marques,6266f26ca32183006f233fb7,"ESCOPO:
Atualização status e calendário de instalação, uma vez que as salas de rack 13 a 20, sala de Fontes e Conectividade já contam com o sistema de monitoramento em funcionamento e integrado à Rede de Controle da máquina. Com essa primeira fase de instalação concluída e pela estabilidade do sistema, planeja-se ampliar a infraestrutura às demais Salas de Rack do Sirius, Sala de RF e LINAC, bem como finalizar testes e análises em campo do monitor e atuador em tomadas. Ainda, devido à praticidade e facilidade das unidades wireless, uma alternativa enxuta e mais barata será estudada e pretende-se incluir o sistema WiFi para monitoração ambiente de outros pontos do prédio do Sirius a fim de contribuir com estudos de estabilidade do Sirius. 
Obs: Desenvolvimento de atuadores sobre as réguas de tomadas continuam em teste.",,Medium,,Bruno Gomes de Oliveira,63d01fd6c565900ff40519b9,Patricia Henriques Nallin,62b0acb8f38b4dcf73d839ec,Patricia Henriques Nallin,62b0acb8f38b4dcf73d839ec,26/Jan/23 9:21 AM,14/Feb/23 8:26 AM,16/Feb/23 2:08 PM,,,,0,uSIMAR: Compra de componentes para uSIMAR,,Patricia Henriques Nallin,,,62b0acb8f38b4dcf73d839ec,,,,,,,,,,,,,,,,,,2000.0,,,,,,,,,,,,ENT004003-3,TIP - INSTALAÇÃO/PERFORMANCE TÉCNICA,,,,,,,,,,,,,,,,,,,,,,,,,,,,,0|i00rw4:p,,,,,,,,,,,2023 - ENT004.003 SPRINT 02,,5.0,,,17/Feb/23 12:00 AM,30/Jan/23 12:00 AM,9,SEI,,,,,,,,,,,,,,,,,,In Progress
uSIMAR: Design de hardware para o uSIMAR,ENT004003-87,24201,,Story,DONE,ENT004003,ENT004.003 - SIMAR – SISTEMA DE MONITORAÇÃO E ATUAÇÃO EM RACKS,software,Sergio Rodrigo Marques,6266f26ca32183006f233fb7,"ESCOPO:
Atualização status e calendário de instalação, uma vez que as salas de rack 13 a 20, sala de Fontes e Conectividade já contam com o sistema de monitoramento em funcionamento e integrado à Rede de Controle da máquina. Com essa primeira fase de instalação concluída e pela estabilidade do sistema, planeja-se ampliar a infraestrutura às demais Salas de Rack do Sirius, Sala de RF e LINAC, bem como finalizar testes e análises em campo do monitor e atuador em tomadas. Ainda, devido à praticidade e facilidade das unidades wireless, uma alternativa enxuta e mais barata será estudada e pretende-se incluir o sistema WiFi para monitoração ambiente de outros pontos do prédio do Sirius a fim de contribuir com estudos de estabilidade do Sirius. 
Obs: Desenvolvimento de atuadores sobre as réguas de tomadas continuam em teste.",,Medium,Done,Bruno Gomes de Oliveira,63d01fd6c565900ff40519b9,Patricia Henriques Nallin,62b0acb8f38b4dcf73d839ec,Patricia Henriques Nallin,62b0acb8f38b4dcf73d839ec,30/Jan/23 1:28 PM,14/Feb/23 8:49 AM,14/Feb/23 8:49 AM,14/Feb/23 8:49 AM,,,0,"uSIMAR: Design de hardware para o uSIMAR

* Projetar a PCB
* Revisar PCB [~accountid:62b0acb8f38b4dcf73d839ec] 
* Prototipar a eletrônica [~accountid:62bf029efbc1f7c647b9f327] 
* Montagem do protótipo
* Testar",,Patricia Henriques Nallin,,,62b0acb8f38b4dcf73d839ec,,,,,,,,,,,,,,,,,,,,,,,,,,,,,,ENT004003-3,TIP - INSTALAÇÃO/PERFORMANCE TÉCNICA,,,,,,,,,,,,,,,,,,,,,,,,,,,,,0|i00rw4:l,,,,,,,,,,,2023 - ENT004.003 SPRINT 02,,13.0,,,17/Feb/23 12:00 AM,30/Jan/23 12:00 AM,9,SEI,,,,,,,,,,,,,,,,,,Done
Finalização de unidades SIMAR montadas por fornecedor externo,ENT004003-47,15122,,Story,IN PROGRESS,ENT004003,ENT004.003 - SIMAR – SISTEMA DE MONITORAÇÃO E ATUAÇÃO EM RACKS,software,Sergio Rodrigo Marques,6266f26ca32183006f233fb7,"ESCOPO:
Atualização status e calendário de instalação, uma vez que as salas de rack 13 a 20, sala de Fontes e Conectividade já contam com o sistema de monitoramento em funcionamento e integrado à Rede de Controle da máquina. Com essa primeira fase de instalação concluída e pela estabilidade do sistema, planeja-se ampliar a infraestrutura às demais Salas de Rack do Sirius, Sala de RF e LINAC, bem como finalizar testes e análises em campo do monitor e atuador em tomadas. Ainda, devido à praticidade e facilidade das unidades wireless, uma alternativa enxuta e mais barata será estudada e pretende-se incluir o sistema WiFi para monitoração ambiente de outros pontos do prédio do Sirius a fim de contribuir com estudos de estabilidade do Sirius. 
Obs: Desenvolvimento de atuadores sobre as réguas de tomadas continuam em teste.",,Medium,,Robert Willian Polli,62bf029efbc1f7c647b9f327,Patricia Henriques Nallin,62b0acb8f38b4dcf73d839ec,Patricia Henriques Nallin,62b0acb8f38b4dcf73d839ec,22/Aug/22 4:46 PM,31/Jan/23 3:04 PM,16/Feb/23 2:08 PM,,,,0,"Finalização de unidades SIMAR montadas por fornecedor externo. Essa atividade depende do recebimento de material comprado.

* Conferir quantidade de caixas Hammond (caso não, descer das prateleiras do Imãs 1) 

[~accountid:63d01fd6c565900ff40519b9] 
[~accountid:62bb024e018dea0d4073dbdd]",,Patricia Henriques Nallin,Robert Willian Polli,Rogério José Marcondeli,62b0acb8f38b4dcf73d839ec,62bf029efbc1f7c647b9f327,62bb024e018dea0d4073dbdd,,,,,,,,,ENT004003-63,,,,,,,,,,,,,,,,,,,ENT004003-3,TIP - INSTALAÇÃO/PERFORMANCE TÉCNICA,,,,,,,,,,,,,,,,,,,,,,,,,,,,,0|i00rw4:,,,,,,,,,,,2023 - ENT004.003 SPRINT 02,,21.0,,,17/Feb/23 12:00 AM,09/Jan/23 12:00 AM,9,SEI,,,,,,,,,,,2022-08-23 13:33:30.389,"23/Aug/22 10:33 AM;62bf029efbc1f7c647b9f327;{panel:bgColor=#deebff}
Previsão de chegada das placas é dia 05/09/2022
{panel}","27/Sep/22 4:42 PM;62bf029efbc1f7c647b9f327;{panel:bgColor=#deebff}
Para o próximo sprint. Os componentes faltantes foram comprados mas não chegaram.
{panel}","22/Nov/22 4:21 PM;62b0acb8f38b4dcf73d839ec;MATERIAL SÓ CHEGARÁ EM JANEIRO.

ADIAR ATIVIDADE.","31/Jan/23 10:24 AM;62bb024e018dea0d4073dbdd;Descer 20 caixas Hammond, localizadas na caixa ELT 1 prédio ímas 1.
Montar componentes em 20 placas com resistores, etc.",,,In Progress
Instalação de unidade SIMAR na Sala de Racks,ENT004003-57,15135,,Story,To Do,ENT004003,ENT004.003 - SIMAR – SISTEMA DE MONITORAÇÃO E ATUAÇÃO EM RACKS,software,Sergio Rodrigo Marques,6266f26ca32183006f233fb7,"ESCOPO:
Atualização status e calendário de instalação, uma vez que as salas de rack 13 a 20, sala de Fontes e Conectividade já contam com o sistema de monitoramento em funcionamento e integrado à Rede de Controle da máquina. Com essa primeira fase de instalação concluída e pela estabilidade do sistema, planeja-se ampliar a infraestrutura às demais Salas de Rack do Sirius, Sala de RF e LINAC, bem como finalizar testes e análises em campo do monitor e atuador em tomadas. Ainda, devido à praticidade e facilidade das unidades wireless, uma alternativa enxuta e mais barata será estudada e pretende-se incluir o sistema WiFi para monitoração ambiente de outros pontos do prédio do Sirius a fim de contribuir com estudos de estabilidade do Sirius. 
Obs: Desenvolvimento de atuadores sobre as réguas de tomadas continuam em teste.",,Medium,,Robert Willian Polli,62bf029efbc1f7c647b9f327,Patricia Henriques Nallin,62b0acb8f38b4dcf73d839ec,Patricia Henriques Nallin,62b0acb8f38b4dcf73d839ec,22/Aug/22 4:49 PM,30/Jan/23 2:48 PM,16/Feb/23 2:08 PM,,,,0,"Instalação de unidade SIMAR na Sala de Racks IA-01 à IA-09.

[~accountid:63d01fd6c565900ff40519b9] 

[~accountid:62bb04b09e6ba34c9935f3f1] ",,Patricia Henriques Nallin,,,62b0acb8f38b4dcf73d839ec,,,,,,,,,,,,,,,,,,,,,,,,,,,,,,ENT004003-3,TIP - INSTALAÇÃO/PERFORMANCE TÉCNICA,,,,,,,,,,,,,,,,,,,,,,,,,,,,,0|i00rw4:i,,,,,,,,,,,2023 - ENT004.003 SPRINT 02,,13.0,,,17/Feb/23 12:00 AM,30/Jan/23 12:00 AM,9,SEI,,,,,,,,,,,,,,,,,,To Do
[LDC] Finalizar leitura da corrente de fuga via UDC para fontes FAC-DCDC,ENT004012-128,23969,,Story,IN PROGRESS,ENT004012,ENT004.012 - MELHORIAS E CARACTERIZAÇÃO DAS FONTES DO SIRIUS,software,Sergio Rodrigo Marques,6266f26ca32183006f233fb7,"ESCOPO:
Melhorias necessárias para as fontes do Sirius observadas ao longo do tempo, seja devido à falta de tempo para o término dos projetos, seja por observações pós instalação, a saber: 
1) a campanha de caracterização de ripple das fontes, focando nas interferências de 2 Hz e 60 Hz.
2) a ativação da proteção contra corrente de fuga para o terra (desativada no momento da criação deste documento). 
3) introduzir detecção e proteção contra vazamentos nos racksdas fontes refrigeradas. 
4) a solução do problema de sobreaquecimento das fontes Regratron.",,Medium,,Ramon Andrade Sousa Carvalho,62e90951e50f2f2a39548aa1,Patricia Henriques Nallin,62b0acb8f38b4dcf73d839ec,Patricia Henriques Nallin,62b0acb8f38b4dcf73d839ec,26/Jan/23 4:54 PM,15/Feb/23 10:30 AM,15/Feb/23 10:28 AM,,,,0,"* -Remover leitura de corrente de fuga nos módulos FAC_OS no firmware da IIB- 
* -Remover leitura de corrente de fuga nos módulos FAC_OS no firmware da UDC-
* -Atualizar especificação BSMP-
* Alinhar com Ana Clara (SWC) atualizações no sistema de controle

[~accountid:62bb024e018dea0d4073dbdd] 

[~accountid:70121:016a6576-395b-4462-b1e7-fb210bae9d77] ",,Patricia Henriques Nallin,,,62b0acb8f38b4dcf73d839ec,,,,,,,,,,,,,,,,,,,,,,,,,,,,,,ENT004012-2,TIP - INSTALAÇÃO/PERFORMANCE TÉCNICA,,,,,,,,,,,,,,,,,,,,,,,,,,,,,0|i021aa:,,,,,,,,,,,2023 - ENT004.012 SPRINT 02,,13.0,,,17/Feb/23 12:00 AM,30/Jan/23 12:00 AM,9,SEI,,,,,,,,,,,,,,,,,,In Progress
[Vazamento] Colocar compras para sensores de vazamento restantes,ENT004012-127,23900,,Story,DONE,ENT004012,ENT004.012 - MELHORIAS E CARACTERIZAÇÃO DAS FONTES DO SIRIUS,software,Sergio Rodrigo Marques,6266f26ca32183006f233fb7,"ESCOPO:
Melhorias necessárias para as fontes do Sirius observadas ao longo do tempo, seja devido à falta de tempo para o término dos projetos, seja por observações pós instalação, a saber: 
1) a campanha de caracterização de ripple das fontes, focando nas interferências de 2 Hz e 60 Hz.
2) a ativação da proteção contra corrente de fuga para o terra (desativada no momento da criação deste documento). 
3) introduzir detecção e proteção contra vazamentos nos racksdas fontes refrigeradas. 
4) a solução do problema de sobreaquecimento das fontes Regratron.",,Medium,Done,Robert Willian Polli,62bf029efbc1f7c647b9f327,Patricia Henriques Nallin,62b0acb8f38b4dcf73d839ec,Patricia Henriques Nallin,62b0acb8f38b4dcf73d839ec,26/Jan/23 10:51 AM,13/Feb/23 8:37 AM,13/Feb/23 8:37 AM,13/Feb/23 8:37 AM,,,0,[Vazamento] Colocar compras de todo material restante para sensores de vazamento.,,Patricia Henriques Nallin,,,62b0acb8f38b4dcf73d839ec,,,,,,,,,,,,,,,,,,7000.0,,,,,,,,,,,,ENT004012-2,TIP - INSTALAÇÃO/PERFORMANCE TÉCNICA,,,,,,,,,,,,,,,,,,,,,,,,,,,,,0|i021ai:,,,,,,,,,,,2023 - ENT004.012 SPRINT 02,,13.0,,,17/Feb/23 12:00 AM,30/Jan/23 12:00 AM,9,SEI,,,,,,,,,,,,,,,,,,Done
[Sensor] Instalação e configuração de sensor Pt100 dentro do painel do interlock - Sala 20,ENT004019-72,22882,,Story,DONE,ENT004019,ENT004.019 - IMPLEMENTAÇÕES E TESTES PARA MELHORIAS DA ESTABILIDADE DO FEIXE,software,Sergio Rodrigo Marques,6266f26ca32183006f233fb7,"ESCOPO:
Ações estão planejadas para melhorar a estabilidade do feixe. 
Algumas focam em em reduzir as perturbações de órbita ajudando a atuação do FOFB ou SOFB.
Bugs nos front-ends de RF serão corrijidos com a troca de atenuadores digitais que sofrem de problemas intrínsecos de design que os fazem introduzir variações aleatórias nos sinais de RF da ordem de poucas dezenas de nanometros.
Um novo projeto de fonte linear para os front-ends de RF que visa aumentar a confiabilidade do sistema de leitura de posição.
Monitorações de temperatura visam monitorar e controlar variações de perímetro do acelerador.
Manutenção preventiva periódica da rede de sensores de nível FOGALE passará a ser realizada.",,Medium,Done,Robert Willian Polli,62bf029efbc1f7c647b9f327,Patricia Henriques Nallin,62b0acb8f38b4dcf73d839ec,Patricia Henriques Nallin,62b0acb8f38b4dcf73d839ec,24/Jan/23 9:37 AM,30/Jan/23 11:24 AM,16/Feb/23 2:08 PM,24/Jan/23 9:37 AM,,,0,[Sensor] Instalação e configuração de sensor Pt100 dentro do painel do interlock - Sala 20,,Patricia Henriques Nallin,,,62b0acb8f38b4dcf73d839ec,,,,,,,,,,,,,,,,,,,,,,,,,,,,,,,,,,,,,,,,,,,,,,,,,,,,,,,,,,,,0|hzzzlc:,,,,,,,,,,,2023 - ENT004.019 SPRINT 2,,5.0,,,20/Jan/23 12:00 AM,19/Jan/23 12:00 AM,9,SEI,,,,,,,,,,,,,,,,,,Done
Bobinas de compensação: Disponibilizar para o projeto dois conversores AD/DA para o controle e monitoração das fontes A.T.,ENT004022-118,24185,,Story,DONE,ENT004022,ENT004.022 - PROJETO DE NOVO NLK PARA TOP-UP,software,Ruy Farias,6266f26cd364ae006808a2e6,"ESCOPO:
Reduzir as perturbações produzidas pelo NLK (Non-linear kicker) sobre o feixe armazenado do anel de armazenamento do Sirius.",,Medium,Done,Patricia Henriques Nallin,62b0acb8f38b4dcf73d839ec,fabio carlos arroyo,62b993f3fa171a27239c60f0,fabio carlos arroyo,62b993f3fa171a27239c60f0,30/Jan/23 11:52 AM,14/Feb/23 5:02 PM,03/Feb/23 8:36 AM,14/Feb/23 5:02 PM,,,0,"Bobinas de compensação: Disponibilizar para o projeto dois conversores AD/DA para o controle e monitoração das fontes A.T.



Definir o hardware de controle das fontes, se possível reutilizar hardware já desenvolvido (SPIxCONV).

* Testar o uso de mais de uma placa por BBB

[~accountid:62bb024e018dea0d4073dbdd] ",,fabio carlos arroyo,,,62b993f3fa171a27239c60f0,,,,,,,,,,,,,,,,,,,,,,,,,,,,,,ENT004022-3,TIP - INSTALAÇÃO/PERFORMANCE TÉCNICA,,,,,,,,,,,,,,,,,,,,,,,,,,,,,0|i022l6:,,,,,,,,,,,2023  - ENT004.022 Sprint 2,,8.0,,,03/Feb/23 12:00 AM,30/Jan/23 12:00 AM,9,SEI,,,,,,,,,,,,,,,,,,Done
Bobinas de compensação: Implementar o software de controle das fontes VH na tela do NLK no Lab. ISP,ENT004022-120,24190,,Story,DONE,ENT004022,ENT004.022 - PROJETO DE NOVO NLK PARA TOP-UP,software,Ruy Farias,6266f26cd364ae006808a2e6,"ESCOPO:
Reduzir as perturbações produzidas pelo NLK (Non-linear kicker) sobre o feixe armazenado do anel de armazenamento do Sirius.",,Medium,Done,Patricia Henriques Nallin,62b0acb8f38b4dcf73d839ec,fabio carlos arroyo,62b993f3fa171a27239c60f0,fabio carlos arroyo,62b993f3fa171a27239c60f0,30/Jan/23 11:55 AM,09/Feb/23 6:15 PM,09/Feb/23 6:15 PM,09/Feb/23 6:15 PM,,,0,Bobinas de compensação: Implementar o software de controle das fontes VH na tela do NLK no Lab. ISP,,fabio carlos arroyo,,,62b993f3fa171a27239c60f0,,,,,,,,,,,,,,,,,,,,,,,,,,,,,,ENT004022-3,TIP - INSTALAÇÃO/PERFORMANCE TÉCNICA,,,,,,,,,,,,,,,,,,,,,,,,,,,,,0|i022m2:,,,,,,,,,,,2023  - ENT004.022 Sprint 2,,8.0,,,16/Feb/23 12:00 AM,30/Jan/23 12:00 AM,9,SEI,,,,,,,,,,,,,,,,,,Done
[DEPENDENCIA COP] Revisão do projeto preliminar da placa de distribuição AC,ENT004039-59,23895,,Story,IN PROGRESS,ENT004039,ENT004.039 - CONTROLE E SUPERVISÃO DAS FONTES DE RACKS DE BPMS,software,Sergio Rodrigo Marques,6266f26ca32183006f233fb7,"ESCOPO:
Melhorar a distribuição de corrente entre os módulos das fontes Acopian, que alimentam os racks de BPMs. A solução pode ser a melhora do sistema atual ou a implementação de um sistema de controle auxiliar.

Também faz parte do escopo implementar um sistema de supervisão que se comunique com o alto nível para aquisição de tensões e correntes dos módulos.",,Medium,,Ramon Andrade Sousa Carvalho,62e90951e50f2f2a39548aa1,Bruno Edson Limeira,62b0aca099eafa602d879d3f,Bruno Edson Limeira,62b0aca099eafa602d879d3f,26/Jan/23 10:48 AM,14/Feb/23 8:47 AM,14/Feb/23 8:47 AM,,,,0,"Revisar o layout da PCB de distribuição AC.

[~accountid:62bb024e018dea0d4073dbdd] ",,Bruno Edson Limeira,,,62b0aca099eafa602d879d3f,,,,,,,,,,,,,,,,,,,,,,,,,,,,,,ENT004039-2,PDR - Projeto Preliminar,,,,,,,,,,,,,,,,,,,,,,,,,,,,,0|i01d3n:,,,,,,,,,,,2023 - ENT004.039 SPRINT 02,,13.0,,,17/Feb/23 12:00 AM,30/Jan/23 12:00 AM,9,SEI,,,,,,,,,,,,,,,,,,In Progress
Verificação de insumos para o protótipo,ENT004039-34,23505,,Story,To Do,ENT004039,ENT004.039 - CONTROLE E SUPERVISÃO DAS FONTES DE RACKS DE BPMS,software,Sergio Rodrigo Marques,6266f26ca32183006f233fb7,"ESCOPO:
Melhorar a distribuição de corrente entre os módulos das fontes Acopian, que alimentam os racks de BPMs. A solução pode ser a melhora do sistema atual ou a implementação de um sistema de controle auxiliar.

Também faz parte do escopo implementar um sistema de supervisão que se comunique com o alto nível para aquisição de tensões e correntes dos módulos.",,Medium,,Ramon Andrade Sousa Carvalho,62e90951e50f2f2a39548aa1,Bruno Edson Limeira,62b0aca099eafa602d879d3f,Bruno Edson Limeira,62b0aca099eafa602d879d3f,25/Jan/23 9:33 AM,30/Jan/23 3:40 PM,16/Feb/23 2:08 PM,,,,0,"Análise de disponibilidade dos componentes da placa de monitoramento e/ou solicitação de amostra de componentes/circuitos integrados

[~accountid:62bb024e018dea0d4073dbdd] ",,Bruno Edson Limeira,,,62b0aca099eafa602d879d3f,,,,,,,,,,,,,,,,,,,,,,,,,,,,,,ENT004039-2,PDR - Projeto Preliminar,,,,,,,,,,,,,,,,,,,,,,,,,,,,,0|i01z6u:,,,,,,,,,,,2023 - ENT004.039 SPRINT 02,,13.0,,,17/Feb/23 12:00 AM,30/Jan/23 12:00 AM,9,SEI,,,,,,,,,,,,,,,,,,To Do
[Esquemático] Validar transferência de esquemático (KiCad -> Altium),ENT004039-60,24243,,Story,DONE,ENT004039,ENT004.039 - CONTROLE E SUPERVISÃO DAS FONTES DE RACKS DE BPMS,software,Sergio Rodrigo Marques,6266f26ca32183006f233fb7,"ESCOPO:
Melhorar a distribuição de corrente entre os módulos das fontes Acopian, que alimentam os racks de BPMs. A solução pode ser a melhora do sistema atual ou a implementação de um sistema de controle auxiliar.

Também faz parte do escopo implementar um sistema de supervisão que se comunique com o alto nível para aquisição de tensões e correntes dos módulos.",,Medium,Done,Rogério José Marcondeli,62bb024e018dea0d4073dbdd,Patricia Henriques Nallin,62b0acb8f38b4dcf73d839ec,Patricia Henriques Nallin,62b0acb8f38b4dcf73d839ec,30/Jan/23 2:37 PM,13/Feb/23 11:18 AM,13/Feb/23 11:18 AM,13/Feb/23 11:18 AM,,,0,"[Esquemático]

Validar transferência de esquemático (KiCad -> Altium).

Discussão sobre pontos levantados pelo Gustavo Rogatto.



[~accountid:62e90951e50f2f2a39548aa1] ",,Patricia Henriques Nallin,,,62b0acb8f38b4dcf73d839ec,,,,,,,,,,,,,,,,,,,,,,,,,,,,,,ENT004039-2,PDR - Projeto Preliminar,,,,,,,,,,,,,,,,,,,,,,,,,,,,,0|i01z94:,,,,,,,,,,,2023 - ENT004.039 SPRINT 02,,13.0,,,17/Feb/23 12:00 AM,30/Jan/23 12:00 AM,9,SEI,,,,,,,,,,,,,,,,,,Done
[Treinamento] Reciclagem NR10,ENT005001-98,22887,,Story,DONE,ENT005001,ENT005.001 - DESENVOLVIMENTO E CAPACITAÇÃO PARA O SIRIUS,software,James Citadini,6250da2ea629c30068aa63af,"ESCOPO:
Desenvolvimento de Recursos Humanos
Participação de Eventos.",,Medium,Done,Gabriel Brunheira,70121:016a6576-395b-4462-b1e7-fb210bae9d77,Patricia Henriques Nallin,62b0acb8f38b4dcf73d839ec,Patricia Henriques Nallin,62b0acb8f38b4dcf73d839ec,24/Jan/23 12:07 PM,10/Feb/23 4:10 PM,16/Feb/23 2:08 PM,10/Feb/23 4:10 PM,,,0,"Treinamento NR10

[~accountid:62bb024e018dea0d4073dbdd] 
[~accountid:62bb04b09e6ba34c9935f3f1] ",,Patricia Henriques Nallin,,,62b0acb8f38b4dcf73d839ec,,,,,,,,,,,,,,,,,,,,,,,,,,,,,,ENT005001-6,Grupo SEI,,,,,,,,,,,,,,,,,,,,,,,,,,,,,0|i01xoy:,,,,,,,,,,,,,40.0,,,10/Feb/23 12:00 AM,06/Feb/23 12:00 AM,9,SEI,,,,,,,,,,,,,,,,,,Done
SUP - Preparar apresentação para o Davide (CERN),ENT034001-1661,24786,24223,Sub-task,DONE,ENT034001,ENT034.001 - PROJETO PRELIMINAR DE UM WAVELENGTHSHIFTER – WLS,software,rafael.seraphim,6266f26c07b842006f1348c2,"ESCOPO:
Projetar, desenvolver, prototipar e construir um ímã supercondutor do tipo Wavelength Shifter (WLS) usando fios de NbTi que atinja 7 T e, consequentemente, produza altos fluxos de fótons em energias acima de 150 keV para uso em uma linha de luz de Tomografia.",,Medium,Done,Alan Abdalad Vianna,62b07a1a0c77011bdfdb643e,Alan Abdalad Vianna,62b07a1a0c77011bdfdb643e,Alan Abdalad Vianna,62b07a1a0c77011bdfdb643e,06/Feb/23 8:25 AM,14/Feb/23 8:53 AM,14/Feb/23 8:45 AM,14/Feb/23 8:38 AM,,,0,Apresentação para o CERN,,Alan Abdalad Vianna,Patricia Henriques Nallin,,62b07a1a0c77011bdfdb643e,62b0acb8f38b4dcf73d839ec,,,,,,,,,,,,,,,,,,,,,,,,,,,,,,,,,,,,,,,,,,,,,,,,,,,,,,,,,,,0|i025qq:,,,,,,,,,,,2023 - ENT034.001 Sprint 2,,8.0,,,,,9,SEI,,,,,,,,,,,2023-02-14 11:53:32.961,"14/Feb/23 8:53 AM;62b0acb8f38b4dcf73d839ec;[~accountid:62b07a1a0c77011bdfdb643e], essa atividade acabou ficando mapeada para o grupo SEI (por conta de ser sub-atividade, não conseguimos mapear pra outro grupo).



Marquei como concluída aqui!",,,,24223,Preparar apresentação para o Davide (CERN),Done
Projeto fontes de corrente: Colaborar na modelagem e o projeto do controlador,ENT034001-1616,24084,,Story,IN PROGRESS,ENT034001,ENT034.001 - PROJETO PRELIMINAR DE UM WAVELENGTHSHIFTER – WLS,software,rafael.seraphim,6266f26c07b842006f1348c2,"ESCOPO:
Projetar, desenvolver, prototipar e construir um ímã supercondutor do tipo Wavelength Shifter (WLS) usando fios de NbTi que atinja 7 T e, consequentemente, produza altos fluxos de fótons em energias acima de 150 keV para uso em uma linha de luz de Tomografia.",,Medium,,Gabriel Brunheira,70121:016a6576-395b-4462-b1e7-fb210bae9d77,Patricia Henriques Nallin,62b0acb8f38b4dcf73d839ec,Patricia Henriques Nallin,62b0acb8f38b4dcf73d839ec,30/Jan/23 10:28 AM,15/Feb/23 8:07 PM,30/Jan/23 10:34 AM,,,,0,"A modelagem feita até então para o conversor atende para um circuito ideal, porém para o circuito real a análise precisa ser melhorada. Também iremos melhorar o controlador, tanto a partir do novo modelo quanto estudar um novo tipo de controlador, diferente do PI, para possibilitar aumentar a banda do controlador.",,Patricia Henriques Nallin,,,62b0acb8f38b4dcf73d839ec,,,,,,,,,,,,,,,,,,,,,,,,,,,,,,ENT034001-3,FDR - Desenvolvimento Experimental /Projeto Executivo,,,,,,,,,,,,,,,,,,,,,,,,,,,,,0|hzzzkz:zzzzzzz9,,,,,,,,,,,2023 - ENT034.001 Sprint 2,,18.0,,,17/Feb/23 12:00 AM,30/Jan/23 12:00 AM,9,SEI,,,,,,,,,,,,,,,,,,In Progress
Preparar apresentação para o Davide (CERN),ENT034001-1628,24223,,Story,DONE,ENT034001,ENT034.001 - PROJETO PRELIMINAR DE UM WAVELENGTHSHIFTER – WLS,software,rafael.seraphim,6266f26c07b842006f1348c2,"ESCOPO:
Projetar, desenvolver, prototipar e construir um ímã supercondutor do tipo Wavelength Shifter (WLS) usando fios de NbTi que atinja 7 T e, consequentemente, produza altos fluxos de fótons em energias acima de 150 keV para uso em uma linha de luz de Tomografia.",,High,Done,Gabriel Brunheira,70121:016a6576-395b-4462-b1e7-fb210bae9d77,Patricia Henriques Nallin,62b0acb8f38b4dcf73d839ec,Patricia Henriques Nallin,62b0acb8f38b4dcf73d839ec,30/Jan/23 1:52 PM,13/Feb/23 5:19 PM,30/Jan/23 1:52 PM,13/Feb/23 5:19 PM,,,0,"Reunir o material/ados e preparar a apresentação para o Davide (CERN) no dia 13/02.

[~accountid:62b0928ba58208122d9fbcb5] ",,Patricia Henriques Nallin,,,62b0acb8f38b4dcf73d839ec,,,,,,,,,,,,,,,,,,,,,,,,,,,,,,ENT034001-3,FDR - Desenvolvimento Experimental /Projeto Executivo,,,,,,,,,,,,,,,,,,,,,,,,,,,,,0|hzzzkz:zzzzzzzzv,,,,,,,,,,,2023 - ENT034.001 Sprint 2,,13.0,,,17/Feb/23 12:00 AM,30/Jan/23 12:00 AM,9,SEI,,,,,,,,,,,,,,,,,,Done
"Projeto criostato vertical: disponibilizar bastidor DRS para o GAS, a fim de se desenvolver o IOC para o conversor ressonante",ENT034001-1626,24220,,Story,To Do,ENT034001,ENT034.001 - PROJETO PRELIMINAR DE UM WAVELENGTHSHIFTER – WLS,software,rafael.seraphim,6266f26c07b842006f1348c2,"ESCOPO:
Projetar, desenvolver, prototipar e construir um ímã supercondutor do tipo Wavelength Shifter (WLS) usando fios de NbTi que atinja 7 T e, consequentemente, produza altos fluxos de fótons em energias acima de 150 keV para uso em uma linha de luz de Tomografia.",,Medium,,Gabriel Brunheira,70121:016a6576-395b-4462-b1e7-fb210bae9d77,Patricia Henriques Nallin,62b0acb8f38b4dcf73d839ec,Patricia Henriques Nallin,62b0acb8f38b4dcf73d839ec,30/Jan/23 1:46 PM,03/Feb/23 11:46 AM,16/Feb/23 2:08 PM,,Criostato Vertical,,0,"Projeto criostato vertical: disponibilizar bastidor para o GAS, a fim de se desenvolver o IOC para o conversor ressonante

[~accountid:62e90951e50f2f2a39548aa1] ",,Patricia Henriques Nallin,,,62b0acb8f38b4dcf73d839ec,,,,,,,,,,,,,,,,,,,,,,,,,,,,,,ENT034001-3,FDR - Desenvolvimento Experimental /Projeto Executivo,,,,,,,,,,,,,,,,,,,,,,,,,,,,,0|hzzzkz:zzzzzzzzi,,,,,,,,,,,2023 - ENT034.001 Sprint 2,,8.0,,,17/Feb/23 12:00 AM,30/Jan/23 12:00 AM,9,SEI,,,,,,,,,,,,,,,,,,To Do
Geral: Reestruturar e planejar o projeto - FDR - SEI,ENT034001-1627,24222,,Story,IN PROGRESS,ENT034001,ENT034.001 - PROJETO PRELIMINAR DE UM WAVELENGTHSHIFTER – WLS,software,rafael.seraphim,6266f26c07b842006f1348c2,"ESCOPO:
Projetar, desenvolver, prototipar e construir um ímã supercondutor do tipo Wavelength Shifter (WLS) usando fios de NbTi que atinja 7 T e, consequentemente, produza altos fluxos de fótons em energias acima de 150 keV para uso em uma linha de luz de Tomografia.",,Highest,,Patricia Henriques Nallin,62b0acb8f38b4dcf73d839ec,Patricia Henriques Nallin,62b0acb8f38b4dcf73d839ec,Patricia Henriques Nallin,62b0acb8f38b4dcf73d839ec,30/Jan/23 1:51 PM,03/Feb/23 11:46 AM,30/Jan/23 1:51 PM,,,,0,"Redefinir a estrutura e macro objetivos do projeto. Permitir maior controle e previsibilidade.

[~accountid:70121:016a6576-395b-4462-b1e7-fb210bae9d77] 

[~accountid:62b0928ba58208122d9fbcb5] ",,Patricia Henriques Nallin,,,62b0acb8f38b4dcf73d839ec,,,,,,,,,,,,,,,,,,,,,,,,,,,,,,ENT034001-3,FDR - Desenvolvimento Experimental /Projeto Executivo,,,,,,,,,,,,,,,,,,,,,,,,,,,,,0|hzzzkz:zzzzzzzzr,,,,,,,,,,,2023 - ENT034.001 Sprint 2,,21.0,,,17/Feb/23 12:00 AM,30/Jan/23 12:00 AM,9,SEI,,,,,,,,,,,,,,,,,,In Progress
Projeto quench protection: Finalizar especificação completa do circuito de detecção do criostato vertical,ENT034001-1533,23329,,Story,IN PROGRESS,ENT034001,ENT034.001 - PROJETO PRELIMINAR DE UM WAVELENGTHSHIFTER – WLS,software,rafael.seraphim,6266f26c07b842006f1348c2,"ESCOPO:
Projetar, desenvolver, prototipar e construir um ímã supercondutor do tipo Wavelength Shifter (WLS) usando fios de NbTi que atinja 7 T e, consequentemente, produza altos fluxos de fótons em energias acima de 150 keV para uso em uma linha de luz de Tomografia.",,Medium,,Samuel Fraga,62b0928ba58208122d9fbcb5,rafael.seraphim,6266f26c07b842006f1348c2,rafael.seraphim,6266f26c07b842006f1348c2,24/Jan/23 6:56 PM,03/Feb/23 11:46 AM,16/Feb/23 2:08 PM,,,,0,"Detalhar melhor:

* Interfaces de entradas e saída:
** Níveis de sinal
** Tipos de conexão e pinagens
** Limites de operação
** Sinais para fonte, circuito de extração e automação
* Especificação de sinais internos (entre blocos de circuitos)
* Alimentação
* Sinalizações
* Fator de forma
* Métodos para prototipagem e fabricação

Pode envolver realização de simulações para testar ideias.

[~accountid:70121:016a6576-395b-4462-b1e7-fb210bae9d77] ",,rafael.seraphim,,,6266f26c07b842006f1348c2,,,,,,,,,,,,ENT034001-1534,,,,,,,,,,,,,,,,,,ENT034001-3,FDR - Desenvolvimento Experimental /Projeto Executivo,,,,,,,,,,,,,,,,,,,,,,,,,,,,,0|hzzzkz:zx,,,,,,,,,,,2023 - ENT034.001 Sprint 2,,13.0,,,17/Feb/23 12:00 AM,30/Jan/23 12:00 AM,9,SEI,,,,,,,,,,,,,,,,,,In Progress
Projeto quench protection: Levantar componentes em estoque para montagem de protótipo do circuito de detecção do criostato vertical,ENT034001-1534,23330,,Story,IN PROGRESS,ENT034001,ENT034.001 - PROJETO PRELIMINAR DE UM WAVELENGTHSHIFTER – WLS,software,rafael.seraphim,6266f26c07b842006f1348c2,"ESCOPO:
Projetar, desenvolver, prototipar e construir um ímã supercondutor do tipo Wavelength Shifter (WLS) usando fios de NbTi que atinja 7 T e, consequentemente, produza altos fluxos de fótons em energias acima de 150 keV para uso em uma linha de luz de Tomografia.",,Medium,,Samuel Fraga,62b0928ba58208122d9fbcb5,rafael.seraphim,6266f26c07b842006f1348c2,rafael.seraphim,6266f26c07b842006f1348c2,24/Jan/23 6:56 PM,03/Feb/23 11:46 AM,16/Feb/23 2:08 PM,,,,0,"A partir do detalhamento completo da atividade [https://cnpem.atlassian.net/browse/ENT034001-1533|https://cnpem.atlassian.net/browse/ENT034001-1533|smart-link], buscar componentes disponíveis em estoque nos grupos do CNPEM e levantar necessidades de compra ou solicitação de amostras.

[~accountid:70121:016a6576-395b-4462-b1e7-fb210bae9d77] ",,rafael.seraphim,,,6266f26c07b842006f1348c2,,,,,,,,,,,ENT034001-1533,,,,,,,,,,,,,,,,,,,ENT034001-3,FDR - Desenvolvimento Experimental /Projeto Executivo,,,,,,,,,,,,,,,,,,,,,,,,,,,,,0|hzzzkz:zy,,,,,,,,,,,2023 - ENT034.001 Sprint 2,,13.0,,,17/Feb/23 12:00 AM,30/Jan/23 12:00 AM,9,SEI,,,,,,,,,,,,,,,,,,In Progress
Desenvolver firmware da eletrônica para mBed Studio,ENT094003-32,21188,,Story,IN PROGRESS,ENT094003,ENT094.003 - INTERF. P/ BIOSSENSOR NANOESTRUTURADO P/ MEDIDA NÃO INVAS. GLICEMIA,software,Sergio Rodrigo Marques,6266f26ca32183006f233fb7,"ESCOPO:
O projeto completo, sob responsabilidade de Dr. Rafael Furlan (LNNano), visa o desenvolvimento de um dispositivo portátil e miniaturizado de iontoforese reversa para a determinação não-invasiva de glicemia (concentração de glicose no sangue). O dispositivo  será composto por três unidades: nanomembrana interfacial, sistema eletródico e transdutor.
A colaboração com o LNNano se dará pela continuação e aperfeiçoamento do desenvolvimento do transdutor: um sistema eletrônico com comunicação sem fio, responsável pela aplicação de uma corrente de iontoforese reversa e leitura, condicionamento e transmissão dos dados de um biossensor eletroquímico.",,Medium,,Ramon Andrade Sousa Carvalho,62e90951e50f2f2a39548aa1,Patricia Henriques Nallin,62b0acb8f38b4dcf73d839ec,Patricia Henriques Nallin,62b0acb8f38b4dcf73d839ec,05/Dec/22 9:59 PM,30/Jan/23 2:02 PM,16/Feb/23 2:08 PM,,,,0,"Desenvolvimento do firmware da eletrônica para mBed Studio, utilizando RTOS.

[~accountid:62bf029efbc1f7c647b9f327] ",,Patricia Henriques Nallin,,,62b0acb8f38b4dcf73d839ec,,,,,,,,,,,,,,,,,,,,,,,,,,,,,,ENT094003-2,FDR - Desenvolvimento Experimental /Projeto Executivo,,,,,,,,,,,,,,,,,,,,,,,,,,,,,0|i01ufa:,,,,,,,,,,,2023 - ENT094.003 SPRINT 02,,21.0,,,17/Feb/23 12:00 AM,06/Dec/22 12:00 AM,9,SEI,,,,,,,,,,,,,,,,,,In Progress
Desenhar novo layout da PCB (versão miniaturizada),ENT094003-39,23947,,Story,DONE,ENT094003,ENT094.003 - INTERF. P/ BIOSSENSOR NANOESTRUTURADO P/ MEDIDA NÃO INVAS. GLICEMIA,software,Sergio Rodrigo Marques,6266f26ca32183006f233fb7,"ESCOPO:
O projeto completo, sob responsabilidade de Dr. Rafael Furlan (LNNano), visa o desenvolvimento de um dispositivo portátil e miniaturizado de iontoforese reversa para a determinação não-invasiva de glicemia (concentração de glicose no sangue). O dispositivo  será composto por três unidades: nanomembrana interfacial, sistema eletródico e transdutor.
A colaboração com o LNNano se dará pela continuação e aperfeiçoamento do desenvolvimento do transdutor: um sistema eletrônico com comunicação sem fio, responsável pela aplicação de uma corrente de iontoforese reversa e leitura, condicionamento e transmissão dos dados de um biossensor eletroquímico.",,Medium,Done,Ramon Andrade Sousa Carvalho,62e90951e50f2f2a39548aa1,Patricia Henriques Nallin,62b0acb8f38b4dcf73d839ec,Patricia Henriques Nallin,62b0acb8f38b4dcf73d839ec,26/Jan/23 12:03 PM,10/Feb/23 8:39 AM,31/Jan/23 8:45 AM,10/Feb/23 8:39 AM,,,0,"Novo layout de hardware (miniaturizado)

[~accountid:62bf029efbc1f7c647b9f327] ",,Patricia Henriques Nallin,,,62b0acb8f38b4dcf73d839ec,,,,,,,,,,,,,,,,,,,,,,,,,,,,,,ENT094003-1,PDR - Projeto Preliminar,,,,,,,,,,,,,,,,,,,,,,,,,,,,,0|i01ufd:r,,,,,,,,,,,2023 - ENT094.003 SPRINT 02,,13.0,,,17/Feb/23 12:00 AM,30/Jan/23 12:00 AM,9,SEI,,,,,,,,,,,,,,,,,,Done
[3D] Coletar infos para o desenho 3D do sistema,ENT094003-37,22336,,Story,IN PROGRESS,ENT094003,ENT094.003 - INTERF. P/ BIOSSENSOR NANOESTRUTURADO P/ MEDIDA NÃO INVAS. GLICEMIA,software,Sergio Rodrigo Marques,6266f26ca32183006f233fb7,"ESCOPO:
O projeto completo, sob responsabilidade de Dr. Rafael Furlan (LNNano), visa o desenvolvimento de um dispositivo portátil e miniaturizado de iontoforese reversa para a determinação não-invasiva de glicemia (concentração de glicose no sangue). O dispositivo  será composto por três unidades: nanomembrana interfacial, sistema eletródico e transdutor.
A colaboração com o LNNano se dará pela continuação e aperfeiçoamento do desenvolvimento do transdutor: um sistema eletrônico com comunicação sem fio, responsável pela aplicação de uma corrente de iontoforese reversa e leitura, condicionamento e transmissão dos dados de um biossensor eletroquímico.",,Medium,,Robert Willian Polli,62bf029efbc1f7c647b9f327,Patricia Henriques Nallin,62b0acb8f38b4dcf73d839ec,Patricia Henriques Nallin,62b0acb8f38b4dcf73d839ec,09/Jan/23 4:39 PM,14/Feb/23 9:01 AM,16/Feb/23 2:08 PM,,,,0,"[3D] Coletar infos para o desenho 3D do sistema. Enviar para Thiago Jasso/PRO (via SharePoint)



[~accountid:62e90951e50f2f2a39548aa1] ",,Patricia Henriques Nallin,Robert Willian Polli,,62b0acb8f38b4dcf73d839ec,62bf029efbc1f7c647b9f327,,,,,,,,,,,,,,,,,,,,,,,,,,,,,ENT094003-2,FDR - Desenvolvimento Experimental /Projeto Executivo,,,,,,,,,,,,,,,,,,,,,,,,,,,,,0|i01ufc:,,,,,,,,,,,2023 - ENT094.003 SPRINT 02,,8.0,,,17/Feb/23 12:00 AM,,9,SEI,,,,,,,,,,,2023-02-14 12:01:48.642,"14/Feb/23 9:01 AM;62bf029efbc1f7c647b9f327;Nicolli vai nos passar o CAD do sensor, também aguardando finalizar os testes de HW",,,,,,In Progress
[3D] Acompanhar desenho 3D do projeto ,ENT094003-38,22338,,Story,To Do,ENT094003,ENT094.003 - INTERF. P/ BIOSSENSOR NANOESTRUTURADO P/ MEDIDA NÃO INVAS. GLICEMIA,software,Sergio Rodrigo Marques,6266f26ca32183006f233fb7,"ESCOPO:
O projeto completo, sob responsabilidade de Dr. Rafael Furlan (LNNano), visa o desenvolvimento de um dispositivo portátil e miniaturizado de iontoforese reversa para a determinação não-invasiva de glicemia (concentração de glicose no sangue). O dispositivo  será composto por três unidades: nanomembrana interfacial, sistema eletródico e transdutor.
A colaboração com o LNNano se dará pela continuação e aperfeiçoamento do desenvolvimento do transdutor: um sistema eletrônico com comunicação sem fio, responsável pela aplicação de uma corrente de iontoforese reversa e leitura, condicionamento e transmissão dos dados de um biossensor eletroquímico.",,Medium,,Robert Willian Polli,62bf029efbc1f7c647b9f327,Patricia Henriques Nallin,62b0acb8f38b4dcf73d839ec,Patricia Henriques Nallin,62b0acb8f38b4dcf73d839ec,09/Jan/23 4:40 PM,30/Jan/23 2:02 PM,16/Feb/23 2:08 PM,,,,0,"[3D] Acompanhar desenho 3D do projeto 



[~accountid:62e90951e50f2f2a39548aa1] ",,Patricia Henriques Nallin,,,62b0acb8f38b4dcf73d839ec,,,,,,,,,,,,,,,,,,,,,,,,,,,,,,ENT094003-2,FDR - Desenvolvimento Experimental /Projeto Executivo,,,,,,,,,,,,,,,,,,,,,,,,,,,,,0|i01ufd:,,,,,,,,,,,2023 - ENT094.003 SPRINT 02,,3.0,,,17/Feb/23 12:00 AM,,9,SEI,,,,,,,,,,,,,,,,,,To Do
Solicitação de compra de componentes (recurso LNNano),ENT094003-41,23949,,Story,To Do,ENT094003,ENT094.003 - INTERF. P/ BIOSSENSOR NANOESTRUTURADO P/ MEDIDA NÃO INVAS. GLICEMIA,software,Sergio Rodrigo Marques,6266f26ca32183006f233fb7,"ESCOPO:
O projeto completo, sob responsabilidade de Dr. Rafael Furlan (LNNano), visa o desenvolvimento de um dispositivo portátil e miniaturizado de iontoforese reversa para a determinação não-invasiva de glicemia (concentração de glicose no sangue). O dispositivo  será composto por três unidades: nanomembrana interfacial, sistema eletródico e transdutor.
A colaboração com o LNNano se dará pela continuação e aperfeiçoamento do desenvolvimento do transdutor: um sistema eletrônico com comunicação sem fio, responsável pela aplicação de uma corrente de iontoforese reversa e leitura, condicionamento e transmissão dos dados de um biossensor eletroquímico.",,Medium,,Robert Willian Polli,62bf029efbc1f7c647b9f327,Patricia Henriques Nallin,62b0acb8f38b4dcf73d839ec,Patricia Henriques Nallin,62b0acb8f38b4dcf73d839ec,26/Jan/23 12:04 PM,14/Feb/23 9:00 AM,26/Jan/23 12:04 PM,,,,0,"Solicitação de compra de componentes (recurso LNNano). Verificar como é feito o uso do recurso do LNNano para a realização da compra.

[~accountid:62b0acb8f38b4dcf73d839ec] ",,Patricia Henriques Nallin,Robert Willian Polli,,62b0acb8f38b4dcf73d839ec,62bf029efbc1f7c647b9f327,,,,,,,,,,,,,,,,,,,,,,,,,,,,,ENT094003-1,PDR - Projeto Preliminar,,,,,,,,,,,,,,,,,,,,,,,,,,,,,0|i01ufd:i,,,,,,,,,,,2023 - ENT094.003 SPRINT 02,,5.0,,,17/Feb/23 12:00 AM,30/Jan/23 12:00 AM,9,SEI,,,,,,,,,,,2023-02-14 12:00:18.809,14/Feb/23 9:00 AM;62bf029efbc1f7c647b9f327;Vamos esperar a conclusão dos testes para a compra.,,,,,,To Do
Implementar atuação nas cubas via Terminal,ENT104002-183,24194,,Story,IN PROGRESS,ENT104002,ENT104.002 - EVOLVER - HARDWARE PARA EVOLUÇÃO DE MICRORGANISMOS,software,Regis Terenzi Neuenschwander,627b27fb9bb66000699530d7,"ESCOPO:
Este projeto propõe o desenvolvimento de um equipamento baseado no eVOLVER para aprimorar a cultura de células, permitindo crescimento em grande escala e com condições bem controladas.",,Medium,,Eduarda Nicoletto Ayres de Oliveira,62bb04adde439ce00ee39aa9,Patricia Henriques Nallin,62b0acb8f38b4dcf73d839ec,Patricia Henriques Nallin,62b0acb8f38b4dcf73d839ec,30/Jan/23 1:00 PM,13/Feb/23 2:54 PM,02/Feb/23 10:14 AM,,,,0,"Implementar atuação nas cubas via Terminal (ssh).

[~accountid:62b0acb8f38b4dcf73d839ec] ",,Patricia Henriques Nallin,,,62b0acb8f38b4dcf73d839ec,,,,,,,,,,,,,,,,,,,,,,,,,,,,,,ENT104002-2,PDR - Projeto Preliminar,,,,,,,,,,,,,,,,,,,,,,,,,,,,,0|i022ma:,,,,,,,,,,,2023 - ENT104.002 Sprint 02,,8.0,,,17/Feb/23 12:00 AM,30/Jan/23 12:00 AM,9,SEI,,,,,,,,,,,,,,,,,,In Progress
Documentar comandos de cada módulo,ENT104002-181,24068,,Story,DONE,ENT104002,ENT104.002 - EVOLVER - HARDWARE PARA EVOLUÇÃO DE MICRORGANISMOS,software,Regis Terenzi Neuenschwander,627b27fb9bb66000699530d7,"ESCOPO:
Este projeto propõe o desenvolvimento de um equipamento baseado no eVOLVER para aprimorar a cultura de células, permitindo crescimento em grande escala e com condições bem controladas.",,Medium,Done,Eduarda Nicoletto Ayres de Oliveira,62bb04adde439ce00ee39aa9,Patricia Henriques Nallin,62b0acb8f38b4dcf73d839ec,Patricia Henriques Nallin,62b0acb8f38b4dcf73d839ec,30/Jan/23 9:52 AM,16/Feb/23 1:30 PM,30/Jan/23 12:59 PM,08/Feb/23 8:23 AM,,,0,"Documentar comandos de cada módulo: [link|https://cnpemcamp.sharepoint.com/:w:/s/DCA/Ebjk2HNmgnxDt4-I2vdjE8kBQ1oCryK884I3EH61qXBHNg?e=G1k5lw]

[~accountid:62b0acb8f38b4dcf73d839ec] ",,Eduarda Nicoletto Ayres de Oliveira,Patricia Henriques Nallin,,62bb04adde439ce00ee39aa9,62b0acb8f38b4dcf73d839ec,,,,,,,,,,,,,,,,,,,,,,,,,,,,,ENT104002-2,PDR - Projeto Preliminar,,,,,,,,,,,,,,,,,,,,,,,,,,,,,0|i02222:,,,,,,,,,,,2023 - ENT104.002 Sprint 02,,8.0,,,17/Feb/23 12:00 AM,30/Jan/23 12:00 AM,9,SEI,,,,,,,,,,,2023-01-31 13:29:33.183,"31/Jan/23 10:29 AM;62bb04adde439ce00ee39aa9;Bombas peristálticas: [Pump.docx|https://cnpemcamp.sharepoint.com/:w:/s/DCA/ETGyhTN2vpNIiA1D1EfnmQgBU90guJ3LL1AVqOT-SbOmuQ?e=ktqcFd]
Temperatura: [Temp.docx|https://cnpemcamp.sharepoint.com/:w:/s/DCA/EbFJcaG16P1GuqS8EAJcsDIBeBCw1Jqeryre5xjyQDwVgA?e=fhNtag]","02/Feb/23 10:47 AM;62bb04adde439ce00ee39aa9;Agitação:[ Stir.docx|https://cnpemcamp.sharepoint.com/:w:/s/DCA/EZhXs6zA5TVCrpZeoqE8_MgBRCWpjc6tIYExmN8EstaFxQ?e=7ObPum]
Turbidez: [OD.docx|https://cnpemcamp.sharepoint.com/:w:/s/DCA/EWSdafeUpQFOltLSKKX-Q8kBIyk98OlyvyljrZnotRG2RQ?e=C2dq1e]",03/Feb/23 1:22 PM;62bb04adde439ce00ee39aa9;[https://cnpemcamp.sharepoint.com/:f:/s/DCA/El_qsz1FRkJFpa2Ei3fWOdYBFSHj1duI8Q5jnzUZoYodyA?e=d9hW9y|https://cnpemcamp.sharepoint.com/:f:/s/DCA/El_qsz1FRkJFpa2Ei3fWOdYBFSHj1duI8Q5jnzUZoYodyA?e=d9hW9y|smart-link] ,,,,Done
Atualizar no Github código-fonte das bibliotecas dos Arduinos,ENT104002-182,24069,,Story,DONE,ENT104002,ENT104.002 - EVOLVER - HARDWARE PARA EVOLUÇÃO DE MICRORGANISMOS,software,Regis Terenzi Neuenschwander,627b27fb9bb66000699530d7,"ESCOPO:
Este projeto propõe o desenvolvimento de um equipamento baseado no eVOLVER para aprimorar a cultura de células, permitindo crescimento em grande escala e com condições bem controladas.",,Medium,Done,Eduarda Nicoletto Ayres de Oliveira,62bb04adde439ce00ee39aa9,Patricia Henriques Nallin,62b0acb8f38b4dcf73d839ec,Patricia Henriques Nallin,62b0acb8f38b4dcf73d839ec,30/Jan/23 9:53 AM,13/Feb/23 8:37 AM,31/Jan/23 8:45 AM,13/Feb/23 8:23 AM,,,0,"Atualizar no Github código-fonte das bibliotecas dos Arduinos

[~accountid:62b0acb8f38b4dcf73d839ec] ",,Eduarda Nicoletto Ayres de Oliveira,Patricia Henriques Nallin,,62bb04adde439ce00ee39aa9,62b0acb8f38b4dcf73d839ec,,,,,,,,,,,,,,,,,,,,,,,,,,,,,ENT104002-2,PDR - Projeto Preliminar,,,,,,,,,,,,,,,,,,,,,,,,,,,,,0|i0222a:,,,,,,,,,,,2023 - ENT104.002 Sprint 02,,8.0,,,17/Feb/23 12:00 AM,30/Jan/23 12:00 AM,9,SEI,,,,,,,,,,,2023-02-06 11:30:57.917,"06/Feb/23 8:30 AM;62bb04adde439ce00ee39aa9;Questão no fórum sobre problemas com a biblioteca do TLC: [https://www.evolver.bio/t/pwm-tlc5940-values-are-not-linear-and-saturate-midrange/345/6|https://www.evolver.bio/t/pwm-tlc5940-values-are-not-linear-and-saturate-midrange/345/6|smart-link] 
",13/Feb/23 8:37 AM;62bb04adde439ce00ee39aa9;Branch com atualizações: [https://github.com/ACA-CNPEM/evolver-firmware/tree/fw-update-eduarda|https://github.com/ACA-CNPEM/evolver-firmware/tree/fw-update-eduarda|smart-link] ,,,,,Done
Prototipação de PCB: sensor de nível/transbordamento,ENT104002-189,24755,,Story,DONE,ENT104002,ENT104.002 - EVOLVER - HARDWARE PARA EVOLUÇÃO DE MICRORGANISMOS,software,Regis Terenzi Neuenschwander,627b27fb9bb66000699530d7,"ESCOPO:
Este projeto propõe o desenvolvimento de um equipamento baseado no eVOLVER para aprimorar a cultura de células, permitindo crescimento em grande escala e com condições bem controladas.",,Medium,Done,Robert Willian Polli,62bf029efbc1f7c647b9f327,Patricia Henriques Nallin,62b0acb8f38b4dcf73d839ec,Patricia Henriques Nallin,62b0acb8f38b4dcf73d839ec,03/Feb/23 8:18 AM,03/Feb/23 8:18 AM,03/Feb/23 8:18 AM,03/Feb/23 8:18 AM,,,0,Confecção de PCB na prototipadora LPKF,,Patricia Henriques Nallin,,,62b0acb8f38b4dcf73d839ec,,,,,,,,,,,,,,,,,,,,,,,,,,,,,,ENT104002-3,FDR - Desenvolvimento Experimental /Projeto Executivo,,,,,,,,,,,,,,,,,,,,,,,,,,,,,0|i025ju:,,,,,,,,,,,2023 - ENT104.002 Sprint 02,,5.0,,,01/Feb/23 12:00 AM,01/Feb/23 12:00 AM,9,SEI,,,,,,,,,,,,,,,,,,Done
